time,num1,num2,result,answer,correct
1.488247499999943,0,2,2,2,1
1.6492342999999892,3,0,3,3,1
